"Questionnaire","Section","Item #","Question","Current Answer","Current Status","Remediate Flag","Coverage","Proposed Answer","Flag Risk","Gap Description","Required Fix - File","Required Fix - Text","Required Fix - Words"
"AWS Questionnaire","AWS Account Management","1","Is the AWS Organizations service used for managing all AWS accounts?","No","","","Partial","No. Millie operates a small number of AWS accounts directly and does not use AWS Organizations at this time; account boundaries are managed per Information Security Framework §4 Access Control & Identity Management.","Medium","Assessor may push back on absence of Organizations/SCP; defensible at Millie's scale but should be noted.","N/A","N/A — no fix needed.","0"
"AWS Questionnaire","AWS Account Management","2","Are separate AWS accounts being used for different development stages? (Dev, Staging, Production).","No","","","Partial","No. Environment isolation is handled at the application layer via Aptible environments and AWS resource separation rather than separate AWS accounts per stage.","Medium","Best-practice expects separate accounts per stage; Millie's current posture is single-account with logical separation.","N/A","N/A — no fix needed.","0"
"AWS Questionnaire","AWS Account Management","3","Is a dedicated AWS account being used for security audit and logging functions?","No","","","Partial","No. Logging (CloudTrail, CloudWatch) and GuardDuty findings are retained in the production account; a dedicated audit account is not used at Millie's scale.","Medium","Best-practice expects a separate logging account; documented as accepted risk under Contingency Planning Policy multi-vendor review.","N/A","N/A — no fix needed.","0"
"AWS Questionnaire","AWS Account Management","4","Is a shared email alias/group being used for the Root account of each AWS account?","Yes","","","Full","Yes. The AWS Root account uses a shared email alias managed within Millie's Google Workspace, per Information Security Framework §4 Access Control & Identity Management.","Low","—","N/A","N/A — no fix needed.","0"
"AWS Questionnaire","AWS Account Management","5","Does each Root account have multi-factor authentication (MFA) enabled and no active access keys?","Yes","","","Full","Yes. The Root account has MFA enabled and no active access keys, consistent with Information Security Framework §4 and the Password Management Policy.","Low","—","N/A","N/A — no fix needed.","0"
"AWS Questionnaire","AWS Account Management","6","Has the Root account been used in the last 7 days?","Yes -- to turn on guard duty","","","Full","Yes — Root was used recently to enable GuardDuty; routine operations are performed via IAM users per Information Security Framework §4 (""root access is not used for routine operations"").","Low","—","N/A","N/A — no fix needed.","0"
"AWS Questionnaire","AWS Account Management","7","Does the AWS organization implement Service Control Policies (SCP)?","No (we don't use AWS Organizations)","","","N/A","N/A. Millie does not use AWS Organizations and therefore does not implement Service Control Policies; access is constrained via IAM policies on individual accounts.","None","—","N/A","N/A — no fix needed.","0"
"AWS Questionnaire","Encryption","1","Are encryption at rest features implemented for RDS and other data stores?","Yes","","link aptible https://www.aptible.com/docs/core-concepts/managed-databases/managing-databases/database-encryption/database-encryption","Full","Yes. Databases hosted via Aptible are encrypted at rest, per Information Security Framework §5 Data Storage & Protection and the Encryption Policy (Aptible managed-database encryption reference).","Low","—","N/A","N/A — no fix needed.","0"
"AWS Questionnaire","Encryption","2","Is volume encryption implemented for all EC2 volumes and snapshots?","","","","Partial","Millie does not run general-purpose EC2 instances for application workloads (compute is on Aptible); volumes used by AWS-managed services and any incidental EC2 are encrypted, consistent with Information Security Framework §5.","Medium","Source CSV left this row blank; recommend confirming with infra owner that all EBS volumes/snapshots are encrypted before submission.","N/A","N/A — no fix needed.","0"
"AWS Questionnaire","Identity and Access Management","1","Is SAML based single sign-on being used for IAM access?","No we use basic IAM access with 2FA required","","","Partial","No SAML SSO; AWS IAM users authenticate directly with 2FA required, per Information Security Framework §4 Access Control & Identity Management and the Password Management Policy.","Medium","SAML-based SSO is a common best-practice ask; Millie's compensating control is mandatory MFA on every IAM user.","N/A","N/A — no fix needed.","0"
"AWS Questionnaire","Identity and Access Management","2","Does any AWS account have IAM users configured with console access?","Yes","","","Full","Yes. A small set of named IAM users have console access, each protected by MFA per Information Security Framework §4 and the Password Management Policy.","Low","—","N/A","N/A — no fix needed.","0"
"AWS Questionnaire","Identity and Access Management","3","Does any AWS account have access keys configured for programmatic access?","Yes","","For deploying via aptible and writing to s3 from the backend.","Full","Yes. Access keys are used for Aptible deploys and for backend writes to S3, scoped by least-privilege IAM policies per Information Security Framework §4.","Low","—","N/A","N/A — no fix needed.","0"
"AWS Questionnaire","Identity and Access Management","4","Does any AWS account have access keys that have not been used in > 90 days? (Or never used)","Yes one that is tied to staging account","","this one will be used once SES is fully set up, verify again next week","Partial","One staging-tied access key has not yet been used pending SES setup; it will be activated or removed in the next periodic review per Information Security Framework §4.","Medium","Honest disclosure of an unused key; commit to remove or activate within the next access review.","N/A","N/A — no fix needed.","0"
"AWS Questionnaire","Identity and Access Management","5","Does any AWS account have access keys that have not been rotated in > 90 days?","No","","","Full","No. Access keys are rotated within the 90-day window, consistent with Information Security Framework §4 access review practice.","Low","—","N/A","N/A — no fix needed.","0"
"AWS Questionnaire","Identity and Access Management","6","Does any AWS account have an IAM role that has not been used in > 90 days? (Or never used)","Yes snowflake user","","flush out good comment for snowflake","Partial","One Snowflake-related role has not been used recently and is retained pending decommissioning; periodic access reviews per Information Security Framework §4 cover role hygiene.","Medium","Recommend decommissioning the Snowflake role before submission to avoid an avoidable finding.","N/A","N/A — no fix needed.","0"
"AWS Questionnaire","Identity and Access Management","7","Does any AWS account have IAM users, groups or roles with AWS managed policies that permit full administrator access or full access to S3 or IAM services?","Yes","","","Partial","Yes — a small number of named administrators hold broad-access managed policies; access is restricted, MFA-protected, and reviewed periodically per Information Security Framework §4 (""Administrative access is restricted and monitored"").","Medium","Best-practice expects role-scoped admin; defensible at Millie's headcount but commonly flagged.","N/A","N/A — no fix needed.","0"
"AWS Questionnaire","Identity and Access Management","8","Do all RDS instances use IAM based authentication for database access?","N/A, we access RDS via Aptible integration","","","N/A","N/A. Database access is routed through the Aptible managed-database integration rather than direct RDS connections; per-user IAM-to-DB authentication is not part of this access path.","None","—","N/A","N/A — no fix needed.","0"
"AWS Questionnaire","Identity and Access Management","9","Is the AWS Secrets Manager or SSM Parameter Store being used for secrets management?","No","","","Partial","No. Application secrets are managed via Aptible configuration and 1Password for administrative credentials, per Information Security Framework §4 and the Password Management Policy.","Medium","Assessor may prefer AWS Secrets Manager/SSM; Millie's 1Password + Aptible env-vars are the compensating control.","N/A","N/A — no fix needed.","0"
"AWS Questionnaire","Network Security","1","Do any security groups permit non-HTTP service access from the Internet?","No","","","Full","No. Security groups restrict inbound Internet traffic to HTTP/HTTPS at the edge; non-HTTP inbound from the Internet is not permitted, consistent with Information Security Framework §6 Data Transmission & Sharing.","Low","—","N/A","N/A — no fix needed.","0"
"AWS Questionnaire","Network Security","2","Are private subnets being used for internal servers, databases and other resources?","No - All of our subnets are associated with a private local route table, but we do have a public one in our account. We need to update our private route table to be the Main one then we should be able to delete the public one.","","maybe fix, but not confident how to solve if it breaks something?","Partial","Subnets are associated with a private local route table; a residual public route table exists and is targeted for removal as a routing-table cleanup, per ongoing operational review.","Medium","Honest disclosure that a public route table still exists; recommend cleaning up before submission if feasible.","N/A","N/A — no fix needed.","0"
"AWS Questionnaire","Network Security","3","Are all RDS instances in private subnets and not publicly accessible?","Yes","","","Full","Yes. All RDS instances reside in private subnets and are not publicly accessible, per Information Security Framework §5 Data Storage & Protection.","Low","—","N/A","N/A — no fix needed.","0"
"AWS Questionnaire","Network Security","4","Are security groups for outbound network access implemented for each VPC?","Yes. Security groups are implemented for all VPC resources. Inbound access is restricted by security group policy, and outbound access is managed through security groups, NAT gateways, and centralized monitoring controls.","","added missing outbound rule","Full","Yes. Security groups govern inbound and outbound access for all VPC resources; outbound traffic is managed through security groups, NAT gateways, and centralized monitoring, consistent with Information Security Framework §6.","Low","—","N/A","N/A — no fix needed.","0"
"AWS Questionnaire","Network Security","5","Do any S3 buckets permit open access permissions or allow access to any authenticated AWS user?","No","","","Full","No. No S3 buckets permit public or any-authenticated-AWS-user access; block-public-access is enabled, per Information Security Framework §5.","Low","—","N/A","N/A — no fix needed.","0"
"AWS Questionnaire","Network Security","6","Are block public access settings enabled for all S3 buckets?","Yes","","","Full","Yes. Block public access is enabled for all S3 buckets, per Information Security Framework §5 Data Storage & Protection.","Low","—","N/A","N/A — no fix needed.","0"
"AWS Questionnaire","Detection and Monitoring","1","Is the AWS Config service enabled in all active regions?","No","","we might want to consider this, but might be ok to wait to see if they come back with us wanting to do this rather than doing it proactively","Partial","No. AWS Config is not enabled in all regions; GuardDuty, CloudTrail, and Aptible monitoring provide primary detection per Information Security Framework §7 Logging, Monitoring & Audit Controls.","Medium","Optional enhancement; documented compensating controls reduce risk.","N/A","N/A — no fix needed.","0"
"AWS Questionnaire","Detection and Monitoring","2","Is CloudTrail data events or access logs enabled for S3 buckets?","Yes","","","Full","Yes. CloudTrail data events / S3 access logs are enabled, per Information Security Framework §7 and the AWS and Aptible Security Incident Management Policy.","Low","—","N/A","N/A — no fix needed.","0"
"AWS Questionnaire","Detection and Monitoring","3","Is the GuardDuty service or other intrusion monitoring enabled in all active regions?","Yes","","turned this on","Full","Yes. GuardDuty is enabled in active regions, per Information Security Framework §7 and the AWS and Aptible Security Incident Management Policy.","Low","—","N/A","N/A — no fix needed.","0"
"AWS Questionnaire","Processes","1","Are resources deployed within AWS using infrastructure as code (IaC) such as Terraform or CloudFormation?","Yes","","","Full","Yes. Infrastructure is managed via Terraform (Aptible for hosting, Cloudflare for DNS/security, AWS S3 for centralized state), per the System Development Life Cycle (SDLC) & Asset Lifecycle Policy §III(b).","Low","—","N/A","N/A — no fix needed.","0"
"AWS Questionnaire","Processes","2","Are custom AMIs being regularly updated using a pipeline such as EC2 Image Builder or Packer?","No","","","N/A","N/A. Millie does not maintain custom AMIs; application compute runs on Aptible-managed containers built from source via the SDLC pipeline.","None","—","N/A","N/A — no fix needed.","0"
"AWS Questionnaire","Processes","3","Has an AWS specific incident response plan been created and tested?","Yes","","AWS and Aptible Security Incident Management Policy","Full","Yes. The AWS and Aptible Security Incident Management Policy documents AWS-specific incident response, including containment, investigation, log preservation, and post-incident review.","Low","—","N/A","N/A — no fix needed.","0"
"AWS Questionnaire","Processes","4","Are S3 object and RDS snapshot backups stored in a dedicated AWS account for backups?","No","","","Partial","No. S3 objects and Aptible-managed RDS snapshots are retained within the production account; a dedicated backup account is not used at Millie's scale, consistent with Information Security Framework §10 Business Continuity & Data Availability.","Medium","Best-practice enhancement; documented accepted risk.","N/A","N/A — no fix needed.","0"
"AWS Questionnaire","Processes","5","Are servers and databases hosted within AWS accessed through a secure remote access solution?","Yes","","","Full","Yes. Servers and databases hosted in AWS are accessed through secure remote access mechanisms, per the Remote Access Policy and Information Security Framework §4.","Low","—","N/A","N/A — no fix needed.","0"
"ISD IT Risk Assessment","Request Details","1","Are you aware of the current situation or the issue that needs to be addressed?","","","","Full","Yes — Millie is engaging with ECH and has identified the integration and assessment objectives driving this submission.","Low","—","N/A","N/A — no fix needed.","0"
"ISD IT Risk Assessment","Request Details","2","Do you have a clear understanding of the project's objective?","","","","Full","Yes — the project objective is to complete ECH's security assessment process and enable any in-scope integration with ECH systems.","Low","—","N/A","N/A — no fix needed.","0"
"ISD IT Risk Assessment","Request Details","3","Select the type of service(s) that are applicable","","","","Full","SaaS / cloud-hosted application services delivered by Millie's platform; specific integration types will be confirmed during scoping with ECH.","Low","—","N/A","N/A — no fix needed.","0"
"ISD IT Risk Assessment","Request Details","4","Who is the intended end-user?","","","","Full","Millie clinical and operational staff, plus authorized ECH personnel for any defined integration touchpoint.","Low","—","N/A","N/A — no fix needed.","0"
"ISD IT Risk Assessment","Request Details","5","Who is the system administrator by default?","","","","Full","Millie's Chief Security Officer is the default system administrator for Millie-hosted environments.","Low","—","N/A","N/A — no fix needed.","0"
"ISD IT Risk Assessment","Request Details","6","Does it require data conversion?","","","","Full","Not anticipated for the initial scope; any data conversion will be scoped during the integration design.","Low","—","N/A","N/A — no fix needed.","0"
"ISD IT Risk Assessment","Request Details","7","Will this request require data from a legacy system to be archived?","","","","Full","Not anticipated; if legacy-system archival is later in scope, it will follow Information Security Framework §9 Data Retention & Lifecycle Management.","Low","—","N/A","N/A — no fix needed.","0"
"ISD IT Risk Assessment","Request Details","8","Will training be necessary due to significant changes in end-user workflow?","","","","Full","No significant end-user workflow changes are expected; any change requiring training will be coordinated with ECH.","Low","—","N/A","N/A — no fix needed.","0"
"ISD IT Risk Assessment","Server & Storage Requirements","1","Do you know the type of server infrastructure currently in use?","","","","Full","Yes. Millie operates a cloud-first stack: Aptible for compute and managed databases, AWS for storage and logging, Cloudflare for DNS/CDN; documented in the System Development Life Cycle (SDLC) & Asset Lifecycle Policy and the Contingency Planning Policy §III(h).","Low","—","N/A","N/A — no fix needed.","0"
"ISD IT Risk Assessment","Network Requirements","1","Will this project require a new port to be enabled?","","","","Full","No. Millie's services are reached over standard HTTPS; no new ports are required.","Low","—","N/A","N/A — no fix needed.","0"
"ISD IT Risk Assessment","Network Requirements","2","Will a new WAN circuit need to be enabled?","","","","Full","No. Millie operates as a SaaS via public Internet; no WAN circuit is required.","Low","—","N/A","N/A — no fix needed.","0"
"ISD IT Risk Assessment","Network Requirements","3","Will a site-to-site VPN be required?","","","","Full","No site-to-site VPN is anticipated; if required, it will be scoped with ECH and added under the Remote Access Policy.","Low","—","N/A","N/A — no fix needed.","0"
"ISD IT Risk Assessment","Identity & Access Management","1","What Identity and Access Management authentication method will be used?","","","","Full","Per the Information Security Framework §4 Access Control & Identity Management, Millie uses role-based access control with multi-factor authentication via Google Workspace and 1Password; SAML-based SSO is offered for in-scope integrations where ECH requires it.","Low","—","N/A","N/A — no fix needed.","0"
"ISD IT Risk Assessment","Identity & Access Management","2","Is multi-factor authentication available?","","","","Full","Yes. MFA is required for all systems, per Information Security Framework §4 and the Password Management Policy.","Low","—","N/A","N/A — no fix needed.","0"
"ISD IT Risk Assessment","Identity & Access Management","3","Is vendor remote access service required?","","","","Full","Vendor remote access, if needed, follows the Remote Access Policy with named authorization by the Chief Security Officer.","Low","—","N/A","N/A — no fix needed.","0"
"ISD IT Risk Assessment","Additional Cybersecurity Questions","1","Will this system be accessible over the internet?","","","","Full","Yes. Millie's application is accessed over the Internet via HTTPS, protected by Cloudflare and authenticated controls per Information Security Framework §4 and §6.","Low","—","N/A","N/A — no fix needed.","0"
"ISD IT Risk Assessment","Additional Cybersecurity Questions","2","Does this service need antivirus or security exclusions?","","","","Full","No custom antivirus or security exclusions are required; Millie uses Google Workspace's built-in anti-malware with no custom exclusions, per Information Security Framework §6 Data Transmission & Sharing.","Low","—","N/A","N/A — no fix needed.","0"
"ISD IT Risk Assessment","Additional Cybersecurity Questions","3","Does the vendor require any exclusions for vulnerability scanning?","","","","Full","No vulnerability-scanning exclusions are requested; vulnerability scanning runs against in-scope hosted services (Aptible, AWS) with no application-side exclusions, per Information Security Framework §6.","Low","—","N/A","N/A — no fix needed.","0"
"ISD IT Risk Assessment","Additional Cybersecurity Questions","4","Will the vendor be performing vulnerability scanning and remediation of vulnerabilities?","","","","Full","Yes. Vulnerability scanning and dependency remediation are performed against in-scope hosted services per Information Security Framework §6 and §7.","Low","—","N/A","N/A — no fix needed.","0"
"ISD IT Risk Assessment","Additional Cybersecurity Questions","5","Is your application expected to send transactional (system-generated) emails?","","","","Full","Yes. The Millie application sends transactional emails (e.g., appointment notifications); these originate from Millie-owned domains and follow Information Security Framework §6.","Low","—","N/A","N/A — no fix needed.","0"
"ISD IT Risk Assessment","Additional Cybersecurity Questions","6","Will the application send from a dedicated Host, IP or shared mail service?","","","","Full","Transactional and clinical email originates from Millie-owned domains via a shared mail service (SendGrid for transactional; Google Workspace for staff email), per Information Security Framework §6.","Low","—","N/A","N/A — no fix needed.","0"
"ISD IT Risk Assessment","Additional Cybersecurity Questions","7","Has the third-party company adapted DMARC policy for email Authentication?","","","","Full","Yes. Millie-owned domains are configured with SPF, DKIM, and a DMARC policy set to at least quarantine, with the DMARC posture monitored, per Information Security Framework §6 Data Transmission & Sharing.","Low","—","N/A","N/A — no fix needed.","0"
"ISD IT Risk Assessment","Integration Requirements","1","Are changes required to existing interfaces? (APIs, etc.)","","","","Full","To be confirmed during integration scoping with ECH; any API changes will follow Millie's System Development Life Cycle (SDLC) & Asset Lifecycle Policy §III(b)–(c).","Low","—","N/A","N/A — no fix needed.","0"
"ISD IT Risk Assessment","End-user Compute Requirements","1","Does the end-user compute need to be modified?","","","","Full","No. Millie's services run in standard browsers and managed mobile devices; no end-user compute modification is required.","Low","—","N/A","N/A — no fix needed.","0"
"ISD IT Risk Assessment","End-user Compute Requirements","2","Does a web application browser have to be installed?","","","","Full","No. A standard supported browser (Chrome, Safari, Edge) is sufficient.","Low","—","N/A","N/A — no fix needed.","0"
"ISD IT Risk Assessment","End-user Compute Requirements","3","Does workstation need operating system (OS)?","","","","Full","No. Millie's services run on standard supported operating systems; no specific OS is mandated.","Low","—","N/A","N/A — no fix needed.","0"
"ISD IT Risk Assessment","End-user Compute Requirements","4","Does it require peripherals?","","","","Full","No. No special peripherals are required.","Low","—","N/A","N/A — no fix needed.","0"
"ISD IT Risk Assessment","End-user Compute Requirements","5","Do you require any specific equipment to carry out this project?","","","","Full","No specific equipment is required to access Millie's services.","Low","—","N/A","N/A — no fix needed.","0"
"ISD IT Risk Assessment","End-user Compute Requirements","6","Do you support the use of a virtual desktop environment?","","","","Full","Virtual desktop access is not required and not formally supported; users access via standard browsers per the Workstation Use Policy.","Low","—","N/A","N/A — no fix needed.","0"
"ISD IT Risk Assessment","End-user Compute Requirements","7","Do you intend to install the application locally on the endpoint device?","","","","Full","No. The Millie application is delivered as web/mobile SaaS; local installation on endpoints is not required for staff workflows.","Low","—","N/A","N/A — no fix needed.","0"
"ISD IT Risk Assessment","Clinical Engineering","1","Do you have any requirements related to the Internet of Medical Things (IoMT)?","","","","N/A","N/A. Millie operates two outpatient women's-health clinics using standard laptops, mobile devices, and SaaS; no medical devices connect to the IT network in a way that qualifies as Internet of Medical Things (IoMT).","None","—","N/A","N/A — no fix needed.","0"
"ISD IT Risk Assessment","Telecommunications Requirements","1","Do you have any requirements related to telecommunications?","","","","N/A","N/A. All telephony is delivered via RingCentral SaaS per the Platforms Matrix; no on-prem PBX or special telecom interconnects are in scope.","None","—","N/A","N/A — no fix needed.","0"
"ISD IT Risk Assessment","Timeline Estimates","1","Provide estimated start date","","","","Full","Start date to be coordinated with ECH following completion of this assessment.","Low","—","N/A","N/A — no fix needed.","0"
"ISD IT Risk Assessment","Timeline Estimates","2","Provide other information about project timelines, if any","","","","Full","Timeline will be defined jointly with ECH during integration scoping; no fixed milestones at this stage.","Low","—","N/A","N/A — no fix needed.","0"
"ISD IT Risk Assessment","Timeline Estimates","3","Provide estimated project duration, from start (in number of days)","","","","Full","Estimated duration depends on integration scope to be defined with ECH.","Low","—","N/A","N/A — no fix needed.","0"
"ISD IT Risk Assessment","Vendor Support Information","1","Does ECH have any current engagements with this third party for other IT solutions?","","","","Full","Not to Millie's knowledge; Millie has no prior engagements with ECH for other IT solutions.","Low","—","N/A","N/A — no fix needed.","0"
"ISD IT Risk Assessment","Other Requirements (ECH IS division only)","1","Do you have any outstanding issues or concerns?","","","","Full","None at this time.","Low","—","N/A","N/A — no fix needed.","0"
"ISD IT Risk Assessment","Other Requirements (ECH IS division only)","2","Do you have any further resolution steps?","","","","Full","None at this time; Millie will respond to ECH follow-ups as needed.","Low","—","N/A","N/A — no fix needed.","0"
"OWASP Top 10","A01:2021 - Broken Access Control","1","Do you enforce access control policies? If yes, please explain.","","","","Full","Yes. Access control is enforced per Information Security Framework §4 Access Control & Identity Management (RBAC, least privilege, MFA), the Safeguards Policy §III(b)(i) Access Controls, and the Password Management Policy; application enforcement is server-side with role-scoped IAM and database access.","Low","—","N/A","N/A — no fix needed.","0"
"OWASP Top 10","A02:2021 - Cryptographic Failures","1","Do you protect sensitive data, such as financial, healthcare, and PII through extra protection? If yes, please explain.","","FOLLOW UP","Yes","Partial","Sensitive data is encrypted in transit and at rest per the Encryption Policy and Information Security Framework §5–§6 (TLS/FIPS-validated transport, Aptible-managed database encryption); user credentials are stored using a one-way salted hash (bcrypt or equivalent) per the Password Management Policy §III addition.","High","Source CSV explicitly flagged 'Need update to password storage' with Remediate=Yes; Password Management Policy currently covers user password hygiene but lacks an explicit server-side hashing clause.","03o HIPAA - Password Management Policy.md","User account passwords shall be stored using an industry-standard one-way hash with per-user salt (bcrypt or equivalent); plaintext passwords shall never be stored or logged.","25"
"OWASP Top 10","A03:2021 - Injection","1","Do you protect against injection flaws, such as SQL, NoSQL, OS, and LDAP injection? If yes, please describe in detail how you do this.","","","","Full","Injection is mitigated through parameterized queries / ORM usage, server-side input validation, and least-privilege database accounts per the System Development Life Cycle (SDLC) & Asset Lifecycle Policy §III(b)–(c) and Information Security Framework §4.","Low","—","N/A","N/A — no fix needed.","0"
"OWASP Top 10","A04:2021 - Insecure Design","1","Do you have an established and secure development lifecycle with AppSec professionals to help evaluate and design security and privacy-related controls? If yes, please explain.","","FOLLOW UP","","Partial","Yes. Security and privacy requirements are addressed throughout the lifecycle per the System Development Life Cycle (SDLC) & Asset Lifecycle Policy §III(a)–(c) (planning, secure configuration, testing) with oversight from the Chief Security Officer.","Medium","Source CSV flagged FOLLOW UP. Millie does not employ dedicated AppSec professionals; SDLC is owned by the Chief Security Officer with engineering peer review — defensible but assessor may probe.","N/A","N/A — no fix needed.","0"
"OWASP Top 10","A05:2021 - Security Misconfiguration","1","Do you have a repeatable security hardening process? If yes, please explain.","","","","Full","Yes. Hardening is repeatable through Terraform-managed infrastructure (per AWS Processes), secure-by-default configurations on Aptible, and pre-deploy validation per the System Development Life Cycle (SDLC) & Asset Lifecycle Policy §III(b)–(c).","Low","—","N/A","N/A — no fix needed.","0"
"OWASP Top 10","A06:2021 - Vulnerable and Outdated Components","1","Do you regularly scan for vulnerabilities and is there a patch management process in place? If yes, please explain.","","FOLLOW UP","Yes","Partial","Yes. Vulnerability scanning runs against in-scope hosted services (Aptible, AWS) per Information Security Framework §6; dependency vulnerabilities are surfaced via GitHub Dependabot and triaged at least weekly with Critical/High remediated within 30 days and Medium within 90 days per the Framework §6 patch-SLA addition.","High","Source CSV flagged 'Upgrade Github, Remediate=Yes'; current policy lacks an explicit scanner-cadence-and-patch-SLA clause.","Millie Information Security & Data Governance Framework (1).md","Dependency vulnerabilities shall be surfaced via GitHub Dependabot and triaged at least weekly; Critical and High findings shall be remediated within 30 days and Medium findings within 90 days, subject to the risk-management exception process.","35"
"OWASP Top 10","A07:2021 - Identification and Authentication Failures","1","Do you protect against attackers compromising passwords, keys, or session tokens? If yes, please explain.","","FOLLOW UP","Yes","Partial","Yes. Passwords, keys, and tokens are protected per the Password Management Policy (strong construction, no shared use, deactivation on termination), the Encryption Policy (FIPS 140-2 key custody), and the §III session-token addition (signed short-lived tokens, rate-limited failed logins, session invalidation on logout / password change / role revocation).","High","Source CSV flagged Remediate=Yes; Password Management Policy currently covers user password hygiene but lacks explicit session-token / brute-force language.","03o HIPAA - Password Management Policy.md","Application sessions shall be protected by signed, short-lived tokens; failed-login attempts shall be rate-limited and monitored; and session invalidation shall occur on logout, password change, or role revocation.","28"
"OWASP Top 10","A08:2021 - Software and Data Integrity Failures","1","Do you have code and infrastructure protection against integrity violations? If yes, please explain.","","","","Full","Yes. Code integrity is protected via signed commits, protected branches, and peer-reviewed pull requests in GitHub, plus Aptible's signed deploy pipeline, per the System Development Life Cycle (SDLC) & Asset Lifecycle Policy §III(b)–(c).","Low","—","N/A","N/A — no fix needed.","0"
"OWASP Top 10","A09:2021 - Security Logging & Monitoring Failures","1","Are you ensuring all login, access control failures, and server-side input validation failures can be logged? If yes, please explain.","","FOLLOW UP","","Partial","Yes. Login activity, access control failures, and application activity are logged via Aptible, AWS CloudWatch, GuardDuty, and internal admin dashboards per Information Security Framework §7; reviews follow the Security Incident Management Policy.","Medium","Source CSV flagged FOLLOW UP; defensible but assessor may want explicit server-side input validation logging coverage.","N/A","N/A — no fix needed.","0"
"OWASP Top 10","A10:2021 - Server-Side Request Forgery (SSRF)","1","Do you prevent SSRF by implementing any defense in depth controls? If yes, please explain.","","FOLLOW UP","","Partial","Yes. Outbound traffic is constrained by VPC security groups and NAT gateways per Information Security Framework §6 and AWS Network Security row 4; application-layer URL allow-listing is applied for known external integrations.","Medium","Source CSV flagged FOLLOW UP; defensible posture but no SSRF-specific defense-in-depth language in policy.","N/A","N/A — no fix needed.","0"
"PCI DSS Assessment Form","General","1","Does your organization process, store, or transmit payment card data on behalf of our company?","","","","N/A","N/A. Millie does not process, store, or transmit cardholder data on behalf of ECH; payments are outsourced to a third-party processor and Millie is a SAQ-A-style merchant with no card data in scope.","None","—","N/A","N/A — no fix needed.","0"
"PCI DSS Assessment Form","General","2","Has your organization undergone a PCI DSS assessment in the last 12 months?","","","","N/A","N/A. Because Millie has no cardholder data environment, a PCI DSS assessment is not applicable; payments are handled by a third-party PCI-compliant processor.","None","—","N/A","N/A — no fix needed.","0"
"PCI DSS Assessment Form","General","3","Did your organization receive a passing grade on the most recent PCI DSS assessment?","","","","N/A","N/A. No PCI DSS assessment is performed because Millie does not handle cardholder data.","None","—","N/A","N/A — no fix needed.","0"
"PCI DSS Assessment Form","General","4","Are all payment card data stored in an encrypted format?","","","","N/A","N/A. Millie does not store payment card data; tokenization and storage are handled by the third-party processor.","None","—","N/A","N/A — no fix needed.","0"
"PCI DSS Assessment Form","General","5","Is access to payment card data restricted to authorized personnel only?","","","","N/A","N/A. Millie does not store or access payment card data; the third-party processor controls access to cardholder data.","None","—","N/A","N/A — no fix needed.","0"
"PCI DSS Assessment Form","General","6","Are access control systems in place to restrict access to payment card data?","","","","N/A","N/A. No cardholder data environment exists at Millie; access-control systems apply to Millie's clinical and operational systems per Information Security Framework §4, not to card data.","None","—","N/A","N/A — no fix needed.","0"
"PCI DSS Assessment Form","General","7","Are all system components and software updated to the latest security patches?","","","","N/A","Yes — Millie maintains patching for its own systems per Information Security Framework §6 and the SDLC Policy §III(d), but cardholder-data systems specifically are out of scope (handled by the third-party processor).","None","—","N/A","N/A — no fix needed.","0"
"PCI DSS Assessment Form","General","8","Is your organization's network protected by a firewall?","","","","N/A","Cardholder-data network protection is provided by the third-party PCI-compliant payment processor; Millie's own cloud network is protected per Information Security Framework §6 and AWS Network Security responses.","None","—","N/A","N/A — no fix needed.","0"
"PCI DSS Assessment Form","General","9","Are all passwords used within your organization changed periodically?","","","","N/A","N/A for cardholder-data accounts (none exist at Millie); Millie's general password rotation/management for its own systems is per the Password Management Policy.","None","—","N/A","N/A — no fix needed.","0"
"PCI DSS Assessment Form","General","10","Are all passwords used within your organization complex and unique?","","","","N/A","N/A for cardholder-data accounts (none exist at Millie); Millie's general password complexity requirements for its own systems are per the Password Management Policy §III(a) (length, character classes, prohibited patterns).","None","—","N/A","N/A — no fix needed.","0"
"SIG Lite 2025","A. Enterprise Risk Management","A.1","Is there a formalized risk governance policy approved by management that defines the Enterprise Risk Management program requirements?","","","","Full","Yes. The HIPAA Risk Management Policy and Information Security Framework §2 Governance & Risk Management together constitute Millie's risk governance program; annual risk assessments are presented to the Risk Review Committee and, for material risks, to the Board.","Low","—","N/A","N/A — no fix needed.","0"
"SIG Lite 2025","B. Nth Party Management","B.1","Is there a third party risk management program that is reviewed and approved by management which includes 4th and Nth parties as part of the program?","","","","Full","Yes. Information Security Framework §11 Third-Party & Vendor Management defines a risk-based third-party program owned by the Chief Security Officer and Chief Privacy Officer, and explicitly covers fourth and Nth parties through BAA flow-down requirements.","Low","—","N/A","N/A — no fix needed.","0"
"SIG Lite 2025","B. Nth Party Management","B.2","For all organizational entities (e.g., vendor's vendors, subcontractors, fourth parties, Nth parties) is there a contractual relationship that extends obligations to each entity?","","","","Full","Yes. Per Information Security Framework §11 and the HIPAA Business Associate Agreement Policy, vendors handling PHI must execute a BAA and require materially similar privacy and security obligations of their subcontractors / subprocessors / Nth parties.","Low","—","N/A","N/A — no fix needed.","0"
"SIG Lite 2025","C. Information Assurance","C.1","Is there a documented, approved cybersecurity risk management policy communicated across the organization?","","","","Full","Yes. The Information Security Framework and HIPAA Risk Management Policy together define Millie's cybersecurity risk management approach, are approved by Company leadership, and are communicated to personnel.","Low","—","N/A","N/A — no fix needed.","0"
"SIG Lite 2025","C. Information Assurance","C.4","Is there a documented risk assessment process for information security with consistent and comparable results?","","","","Full","Yes. The HIPAA Risk Management Policy §III defines a repeatable nine-step assessment (universe of ePHI, threat ID, vulnerability ID, control analysis, likelihood, impact, risk determination, control recommendations, documentation) producing comparable results year over year.","Low","—","N/A","N/A — no fix needed.","0"
"SIG Lite 2025","D. Asset and Info Management","D.1","Is there a management-approved asset management program that is communicated to constituents and has an owner to maintain, review, and manage IT assets (e.g. systems, hardware, services, and data), and respective controls, throughout their life cycles?","","","","Full","Yes. The System Development Life Cycle (SDLC) & Asset Lifecycle Policy is management-approved, names the Chief Security Officer as owner, and covers planning, deployment, operations, and retirement of systems and hardware; the Platforms & Access Matrix serves as the IT asset inventory.","Low","—","N/A","N/A — no fix needed.","0"
"SIG Lite 2025","D. Asset and Info Management","D.2","Is there an acceptable use policy for information and associated assets that has been approved by management, communicated to appropriate constituents, and assigned an owner to maintain and periodically review the policy?","","","","Full","Yes. The HIPAA Workstation Use Policy and Safeguards Policy together constitute Millie's acceptable-use program covering workstations, mobile devices, BYOD, email, texting, and social media; both are management-approved and reviewed.","Low","—","N/A","N/A — no fix needed.","0"
"SIG Lite 2025","D. Asset and Info Management","D.3","Is there a records retention policy and retention schedule covering paper and electronic records, including email in support of applicable regulations, standards, and contractual requirements?","","","","Partial","Yes. The Paper Document Management Policy and Information Security Framework §9 Data Retention & Lifecycle Management together govern retention; clinical / application data is retained per business and regulatory needs, logs for 6 months in DB then archived to AWS S3.","Medium","Framework §9 currently says 'retained indefinitely'; assessor may want a structured retention schedule per record class. Defensible at Millie's scale but flagged for terminology.","N/A","N/A — no fix needed.","0"
"SIG Lite 2025","E. Human Resources Security","E.1","Are Human Resources policies and procedures approved by management, communicated to constituents and have an owner to maintain and review?","","","","N/A","N/A as a standalone security-team-owned policy. HR policies (background checks, performance reviews, sanctions) are administered through Gusto and reviewed by Millie's People Ops function; security obligations on personnel are codified in the Safeguards Policy and Workstation Use Policy.","None","—","N/A","N/A — no fix needed.","0"
"SIG Lite 2025","E. Human Resources Security","E.3","Does the organization have an employee performance process that is documented, maintained, and reviewed by management periodically?","","","","N/A","N/A. Employee performance is managed through Millie's People Ops function via Gusto with periodic management review; no separate security-program-controlled performance process is maintained at Millie's headcount.","None","—","N/A","N/A — no fix needed.","0"
"SIG Lite 2025","F. Physical and Environmental Security","F.1","Has management approved a physical security program that is communicated to all parties involved, with an assigned owner responsible for maintenance and review?","","","","Full","Yes. The HIPAA Safeguards Policy §III(c) Physical Safeguards (facility security plan, access control & validation, locked storage of PHI) plus the Paper Document Management Policy together constitute Millie's physical security program, with the Chief Security Officer as owner.","Low","—","N/A","N/A — no fix needed.","0"
"SIG Lite 2025","G. IT Operations Management","G.1","Are the organization's Information Technology Operations policies and procedures monitored, aligned with the organizational strategy, and communicated to the entire organization?","","","","Full","Yes. The System Development Life Cycle (SDLC) & Asset Lifecycle Policy and Information Security Framework define Millie's IT operations posture, are aligned with the cloud-first technology strategy, and are communicated to personnel.","Low","—","N/A","N/A — no fix needed.","0"
"SIG Lite 2025","G. IT Operations Management","G.2","Is there an operational Change Management/Change Control policy or program that has been documented, approved by management, communicated to appropriate constituents, and assigned an owner to maintain and review the policy?","","","","Partial","Yes. Production changes flow through Millie's source-control and deployment pipeline (GitHub pull-request review plus Aptible deploys) with the Chief Security Officer as owner and Git/Aptible logs as the change record per the SDLC Policy §III(c) change-control addition.","High","Current SDLC Policy §III(c) describes pre-deploy validation but does not discretely name a Change Management program with owner and review cadence; assessor scanning for the Change Mgmt clause will not find one without the appended sentence.","System Development Life Cycle (SDLC) & Asset Lifecycle Policy.md","Changes to production systems shall require peer review and approval through Company's source-control and deployment pipeline (currently GitHub pull-request review plus Aptible deploys); the Chief Security Officer is the owner of this change-control process, which shall be reviewed at least annually, and a record of production changes shall be retained via Git history and Aptible deploy logs.","57"
"SIG Lite 2025","G. IT Operations Management","G.3","Are information security requirements specified and implemented when new systems are introduced, upgraded, or enhanced?","","","","Full","Yes. The System Development Life Cycle (SDLC) & Asset Lifecycle Policy §III(a)–(c) requires security and privacy requirements be considered at planning, configuration, and testing for new systems and material enhancements.","Low","—","N/A","N/A — no fix needed.","0"
"SIG Lite 2025","H. Access Control","H.1","Has management approved an access control policy, communicated it to constituents, appointed an owner to maintain it, and reviewed it?","","","","Full","Yes. Information Security Framework §4 Access Control & Identity Management plus the HIPAA Safeguards Policy §III(b) constitute Millie's access control policy, with the Chief Security Officer as owner and periodic reviews.","Low","—","N/A","N/A — no fix needed.","0"
"SIG Lite 2025","H. Access Control","H.2","Has management approved, communicated, and enforced a password policy for systems that transmit, process, or store scoped data on all platforms and network devices?","","","","Full","Yes. The HIPAA Password Management Policy is management-approved and enforced across platforms (8+ characters, complexity, prohibited patterns, deactivation on termination, mandatory 2FA).","Low","—","N/A","N/A — no fix needed.","0"
"SIG Lite 2025","I. Application Management","I.1","Are applications used to transmit, process, or store scoped data?","","","","Full","Yes. The Millie web/mobile application processes scoped data (PHI / PII); see Information Security Framework §3 Data Classification & Handling and the Platforms Matrix.","Low","—","N/A","N/A — no fix needed.","0"
"SIG Lite 2025","I. Application Management","I.2","Is application development performed?","","","","Full","Yes. Application development is performed in-house following the System Development Life Cycle (SDLC) & Asset Lifecycle Policy.","Low","—","N/A","N/A — no fix needed.","0"
"SIG Lite 2025","I. Application Management","I.3","Is a web site or web application supported, hosted, or maintained that processes scoped systems and data?","","","","Full","Yes. Millie hosts a web and mobile application that processes scoped data; deployed on Aptible per the SDLC Policy and Information Security Framework §5–§7.","Low","—","N/A","N/A — no fix needed.","0"
"SIG Lite 2025","J. Cybersecurity Incident Mgmt.","J.1","Has management approved and communicated a Cybersecurity Incident Management Program with a designated owner to maintain and review it?","","","","Full","Yes. The HIPAA Security Incident Management Policy and AWS and Aptible Security Incident Management Policy are management-approved, name the Chief Security Officer as owner, and are reviewed annually.","Low","—","N/A","N/A — no fix needed.","0"
"SIG Lite 2025","J. Cybersecurity Incident Mgmt.","J.4","Does the organization have a documented Incident Response Plan that outlines the escalation process?","","","","Full","Yes. The HIPAA Security Incident Management Policy §III(b) Incident Response and the AWS and Aptible Security Incident Management Policy define escalation through the Chief Security Officer to Chief Privacy Officer, Chief Compliance Officer, and CEO as appropriate.","Low","—","N/A","N/A — no fix needed.","0"
"SIG Lite 2025","J. Cybersecurity Incident Mgmt.","J.5","Is there a specific methodology to regularly review events on scoped systems or systems containing scoped data to uncover potential incidents?","","","","Partial","Yes. Per Information Security Framework §7 (with the monthly review-cadence addition), the Chief Security Officer reviews GuardDuty findings, CloudTrail anomalies, and Aptible application audit logs monthly to identify potential incidents, in addition to event-driven review.","High","Framework §7 currently says logs are reviewed 'as needed' — not a methodology. Without the monthly-cadence addition, an assessor will flag absence of a proactive review process.","Millie Information Security & Data Governance Framework (1).md","The Chief Security Officer (or designee) shall review GuardDuty findings, CloudTrail anomalies, and Aptible application audit logs on at least a monthly cadence to identify potential incidents, in addition to event-driven review, with findings logged and escalated through the Security Incident Management Policy.","43"
"SIG Lite 2025","J. Cybersecurity Incident Mgmt.","J.11","Has the organization outsourced its incident reporting responsibilities to a third-party service provider?","","","","Full","No. Incident reporting is owned internally by the Chief Security Officer and Chief Privacy Officer per the HIPAA Security Incident Management Policy and Breach Notification Policy; Millie does not outsource incident reporting to a third-party service provider.","Low","—","N/A","N/A — no fix needed.","0"
"SIG Lite 2025","J. Cybersecurity Incident Mgmt.","J.14","Are the actions conducted during an incident investigation formally documented and protected from unauthorized changes?","","","","Partial","Yes. Per the HIPAA Security Incident Management Policy §III(c) Log (with the integrity-protection addition), the incident log is maintained in a restricted-access Company system with auditable edits and retained for at least six years.","Medium","Current §III(c) describes what is logged but does not state the log is access-restricted, tamper-evident, and retained for six years; assessor may want explicit integrity assurance.","03s HIPAA - Security Incident Management Policy (2).md","The incident log shall be maintained in a restricted-access Company system, edits shall be auditable, and the log shall be retained for at least six years consistent with HIPAA documentation requirements.","31"
"SIG Lite 2025","K. Operational Resilience","K.1","Has the organization established a Business Resilience Policy, designated an owner to maintain and review it, and communicated it?","","","","Full","Yes. The HIPAA Contingency Planning Policy is management-approved, names the Chief Security Officer as owner, and is communicated to personnel.","Low","—","N/A","N/A — no fix needed.","0"
"SIG Lite 2025","K. Operational Resilience","K.2","Is there a formal, documented information technology disaster recovery exercise and testing program in place?","","FOLLOW UP","","Partial","Yes. The Contingency Planning Policy §III(d) (with the annual-exercise addition) requires the Chief Security Officer to coordinate at least an annual tabletop or walk-through exercise of the disaster recovery plan and feed material findings into risk management.","High","Source CSV flagged FOLLOW UP. Contingency Planning Policy currently describes backups, DR plan, and third-party coordination but does not require periodic exercise/testing of the DR plan.","03d HIPAA - Contingency Planning Policy (1).md","The Chief Security Officer shall coordinate at least an annual tabletop or walk-through exercise of the disaster recovery plan, document the outcome, and feed material findings into the risk management process.","31"
"SIG Lite 2025","K. Operational Resilience","K.3","Are there any dependencies on critical third party service providers?","","","","Full","Yes. The Contingency Planning Policy §III(h) Pandemic Operations & Multi-Vendor Risk identifies critical third-party dependencies (Aptible, AWS, Cloudflare, Google Workspace) as documented accepted risks reviewed annually.","Low","—","N/A","N/A — no fix needed.","0"
"SIG Lite 2025","K. Operational Resilience","K.4","Is there a pandemic/infectious disease outbreak plan?","NO","FOLLOW UP","","Partial","Yes — via the Contingency Planning Policy §III(h) Pandemic Operations & Multi-Vendor Risk (read with the Millie Clinic COVID Policy), which governs pandemic / infectious-disease operations including telehealth-first scheduling, essential on-site staffing, and PPE protocols per CDPH/CDC guidance.","High","Source CSV originally answered NO and flagged FOLLOW UP. Contingency Planning §III(h) and the COVID Policy now provide coverage, but the assessor may push back that the COVID Policy is single-disease and not a generalized pandemic plan.","N/A","N/A — no fix needed.","0"
"SIG Lite 2025","K. Operational Resilience","K.5","Is scoped data backed up and stored offsite?","","","","Full","Yes. Per Information Security Framework §9–§10 and the Contingency Planning Policy §III(b), daily Aptible backups (with point-in-time recovery) and AWS S3 log archives provide offsite-equivalent cloud backup with redundancy.","Low","—","N/A","N/A — no fix needed.","0"
"SIG Lite 2025","K. Operational Resilience","K.6","Is there a formal process focused on identifying and addressing risks of disruptive events to business operations (e.g., operational risk assessment?)","","","","Full","Yes. The HIPAA Risk Management Policy §III defines an annual risk assessment plus as-needed assessments triggered by changes in business strategy or threats — explicitly covering disruptive-event risk identification.","Low","—","N/A","N/A — no fix needed.","0"
"SIG Lite 2025","K. Operational Resilience","K.7","Have formal procedures for business continuity been developed and documented?","","","","Full","Yes. The HIPAA Contingency Planning Policy documents business-continuity procedures including personnel safety, data and software backup, IT system inventory, third-party coordination, emergency operations, confidentiality, and insurance.","Low","—","N/A","N/A — no fix needed.","0"
"SIG Lite 2025","K. Operational Resilience","K.11","Is there a data retention policy or process with a retention schedule for scoped data?","","","","Partial","Yes. Information Security Framework §9 Data Retention & Lifecycle Management and the Paper Document Management Policy define the retention process; clinical/application data is retained per business and regulatory needs and logs for 6 months in DB then archived to AWS S3.","Medium","Framework §9 currently says 'retained indefinitely' for application data; assessor may want a more structured retention schedule per data class.","N/A","N/A — no fix needed.","0"
"SIG Lite 2025","K. Operational Resilience","K.30","Is there a resiliency strategy that includes a multi-vendor strategy that mitigates key dependencies on third-party service providers?","NO","FOLLOW UP","","Partial","Acknowledged as a documented accepted single-vendor concentration. Per Contingency Planning Policy §III(h) Pandemic Operations & Multi-Vendor Risk, Millie's cloud-first stack on Aptible/AWS/Cloudflare/Google Workspace is reviewed annually by the Chief Security Officer with availability posture, data portability, and BAA status covered.","High","Source CSV originally answered NO and flagged FOLLOW UP. Posture is now documented as an accepted risk rather than a true multi-vendor strategy; assessor will likely push back at organizations expecting genuine redundancy.","N/A","N/A — no fix needed.","0"
"SIG Lite 2025","L. Compliance Management","L.1","Are there policies and procedures to ensure compliance with applicable legislative, regulatory, and contractual requirements?","","","","Full","Yes. The HIPAA policy suite plus the Information Security Framework, Privacy Policy, and Use & Disclosure Policy ensure compliance with HIPAA/HITECH and applicable state law (e.g., CA Civil Code 1798.29/1798.82) per the Breach Notification Policy Exhibit A.","Low","—","N/A","N/A — no fix needed.","0"
"SIG Lite 2025","L. Compliance Management","L.2","Is a web site(s) maintained or hosted for the purpose of advertising, offering, managing, or servicing accounts, products, or services to clients' customers?","","","","Full","Yes. Millie maintains a public website and a patient-facing application that support care delivery, scheduling, and patient communication, governed by the Privacy Policy and Information Security Framework §3–§6.","Low","—","N/A","N/A — no fix needed.","0"
"SIG Lite 2025","L. Compliance Management","L.3","Are there policies and procedures for addressing antitrust and anti-competitive business practices?","","","","N/A","N/A. A 30-person outpatient clinic does not maintain a standalone antitrust program; antitrust matters, if they arose, would be handled through outside legal counsel.","None","—","N/A","N/A — no fix needed.","0"
"SIG Lite 2025","L. Compliance Management","L.4","Is there a documented internal compliance and ethics program?","","","","N/A","N/A as a standalone Code of Conduct. Compliance and ethics matters are handled through HR (Gusto) and outside legal counsel; security-relevant personnel obligations are codified in the Safeguards Policy and Workstation Use Policy.","None","—","N/A","N/A — no fix needed.","0"
"SIG Lite 2025","L. Compliance Management","L.5","Are documented policies and procedures maintained to enforce applicable legal, regulatory, or contractual cybersecurity compliance obligations?","","","","Full","Yes. The HIPAA policy suite (Security Incident Management, Breach Notification, Encryption, Safeguards, Risk Management) plus the Information Security Framework codify legal and contractual cybersecurity obligations.","Low","—","N/A","N/A — no fix needed.","0"
"SIG Lite 2025","L. Compliance Management","L.6","Are there policies and procedures for detecting and preventing internal and external fraud?","","","","N/A","N/A as a standalone fraud program. Fraud risk is handled through HR (Gusto) and outside legal counsel; security-relevant misuse is addressed via the Safeguards Policy and HIPAA Security Incident Management Policy.","None","—","N/A","N/A — no fix needed.","0"
"SIG Lite 2025","M. Endpoint Security","M.1","Do desktops, laptops, tablets, or smartphones transmit, process, or store Scoped data?","","","","Full","Yes. Desktops, laptops, tablets, and smartphones may process or transmit scoped data; per Workstation Use Policy §III(d) BYOD & Mobile Device Management, any device that accesses PHI must be MDM-enrolled with passcode, auto-lock, disk encryption, and remote wipe.","Low","—","N/A","N/A — no fix needed.","0"
"SIG Lite 2025","M. Endpoint Security","M.1.3","M.1.3 Is there a mobile device management program in place that has been approved by management and communicated to appropriate constituents?","NO","FOLLOW UP","","Partial","Yes — documented in the Workstation Use Policy §III(d) BYOD & Mobile Device Management addition; MDM vendor selection is tracked operationally and devices accessing PHI must be enrolled with passcode, auto-lock, encryption, and remote-wipe capability.","High","Source CSV answered NO and flagged FOLLOW UP. Workstation Use §III(d) now contains the documented program, but MDM tooling implementation is operationally pending and the assessor may want vendor confirmation.","N/A","N/A — no fix needed.","0"
"SIG Lite 2025","M. Endpoint Security","M.1.5","M.1.5 Are non-company managed computing devices used to connect to the company network?","YES","FOLLOW UP","","Partial","Yes — non-company-managed devices are used; per Workstation Use Policy §III(d) BYOD & Mobile Device Management, non-managed personal devices are restricted to web-based SaaS accessed via SSO/MFA and may not store PHI.","High","Source CSV answered YES and flagged FOLLOW UP. Workstation Use §III(d) now contains the restriction; assessor may still want network-segmentation evidence.","N/A","N/A — no fix needed.","0"
"SIG Lite 2025","M. Endpoint Security","M.1.5","M.1.6 Are any mobile devices with access to scoped data Constituent owned (BYOD)?","YES","FOLLOW UP","","Partial","Yes — BYOD mobile devices may access scoped data; per Workstation Use Policy §III(d), such devices must be MDM-enrolled with passcode/auto-lock/encryption/remote wipe, or restricted to SSO-MFA web SaaS with no local PHI.","High","Source CSV answered YES and flagged FOLLOW UP. Workstation Use §III(d) now contains the BYOD posture; assessor may want MDM enrollment evidence.","N/A","N/A — no fix needed.","0"
"SIG Lite 2025","M. Endpoint Security","M.3","","","","","N/A","N/A. Millie does not deploy networked collaborative computing devices (networked whiteboards, room cameras / microphones) in its clinics; video visits are conducted on personal devices via Zoom per the Platforms & Access Matrix and Workstation Use Policy.","None","—","N/A","N/A — no fix needed.","0"
"SIG Lite 2025","N. Network Security","N.1","Does the organization build and maintain a secure network and systems?","","","","Full","Yes. Millie builds and maintains a secure cloud network per Information Security Framework §4 and §6, AWS Network Security (security groups, private subnets, NAT, S3 block-public-access), and Cloudflare edge controls.","Low","—","N/A","N/A — no fix needed.","0"
"SIG Lite 2025","N. Network Security","N.2","Does the organization have a Network Security Program with a defined policy that outlines security requirements, is reviewed regularly by an owner, and communicated to relevant parties?","","","","Full","Yes. Information Security Framework §6 Data Transmission & Sharing combined with AWS Network Security configurations constitute Millie's network security program; reviewed by the Chief Security Officer and communicated to personnel.","Low","—","N/A","N/A — no fix needed.","0"
"SIG Lite 2025","N. Network Security","N.3","Is every connection to an external network terminated at a firewall e.g., the Internet, partner networks?","","","","Full","Yes. External traffic terminates at the Cloudflare edge and AWS security-group / NAT-gateway boundary per Information Security Framework §6 and AWS Network Security responses; no direct external network reaches internal resources.","Low","—","N/A","N/A — no fix needed.","0"
"SIG Lite 2025","N. Network Security","N.4","Are all network devices patched with all, available high-risk security patches applied and verified?","","","","Full","Yes. Patching is handled by managed-service vendors (Aptible, AWS, Cloudflare) for infrastructure devices; application-side patching follows the SDLC Policy §III(d) and the Information Security Framework §6 dependency triage cadence.","Low","—","N/A","N/A — no fix needed.","0"
"SIG Lite 2025","N. Network Security","N.5","Has management approved a policy for remote access to scoped systems and data communicated to constituents?","","","","Full","Yes. The HIPAA Remote Access Policy is management-approved, names the Chief Security Officer as oversight owner, and is communicated to personnel.","Low","—","N/A","N/A — no fix needed.","0"
"SIG Lite 2025","N. Network Security","N.7","Are Network Intrusion Detection/Prevention Systems (NIDS/NIPS) employed e.g., appliances, software, etc.?","","","","Full","Yes. AWS GuardDuty provides intrusion detection across active regions and Cloudflare provides WAF/edge protection, per Information Security Framework §7 and AWS Detection & Monitoring responses.","Low","—","N/A","N/A — no fix needed.","0"
"SIG Lite 2025","N. Network Security","N.8","Is there an DMZ environment within the network that transmits, processes, or stores scoped systems and data e.g., web servers, DNS, directory services, remote access, etc.?","","","","N/A","N/A. Millie's cloud-first architecture does not use a traditional DMZ; external traffic terminates at Cloudflare and AWS edge controls, with internal services in private subnets per Information Security Framework §6 and AWS Network Security row 2.","None","—","N/A","N/A — no fix needed.","0"
"SIG Lite 2025","N. Network Security","N.9","Is there a wireless policy or program that has been approved by management, communicated to appropriate constituents and has an owner to maintain, and review the policy?","","","","N/A","N/A as a documented internal wireless program. Clinic wireless is provided by managed ISP equipment in the two outpatient sites; PHI is transmitted over encrypted channels per the Encryption Policy regardless of network medium.","None","—","N/A","N/A — no fix needed.","0"
"SIG Lite 2025","N. Network Security","N.11","Are there security standards, baseline configurations, patching, access control, and strong passwords for network devices such as Firewalls, Switches, Routers, and Wireless Access Points?","","","","Full","Yes. Baseline configurations, patching, access control, and strong passwords for cloud network controls (security groups, Cloudflare, AWS console) are governed by Information Security Framework §4, §6, the Password Management Policy, and AWS Network Security responses.","Low","—","N/A","N/A — no fix needed.","0"
"SIG Lite 2025","N. Network Security","N.12","Are default passwords changed or disabled prior to placing network devices into production?","","","","Full","Yes. Cloud network controls (AWS, Cloudflare, Aptible) are deployed without vendor default credentials; Password Management Policy §III enforces strong passwords on all accounts, with MFA required per Information Security Framework §4.","Low","—","N/A","N/A — no fix needed.","0"
"SIG Lite 2025","O. Environmental, Social and Governance (ESG)","O.1","Does the organization have and adhere to an environmental policy that sets out clear commitments and targets to improve the organization's footprint?","","","","N/A","N/A. A 30-person outpatient clinic does not maintain a formal environmental policy with documented footprint commitments and targets.","None","—","N/A","N/A — no fix needed.","0"
"SIG Lite 2025","O. Environmental, Social and Governance (ESG)","O.2","Does the organization have material discharges to air as a direct result of its operations?","","","","N/A","N/A. Millie's outpatient clinic operations do not produce material discharges to air; clinical and biohazard waste is handled per standard medical-waste regulations.","None","—","N/A","N/A — no fix needed.","0"
"SIG Lite 2025","O. Environmental, Social and Governance (ESG)","O.3","Does the organization have processes to ensure that there are no material discharges to land or water, as a direct result of business operations?","","","","N/A","N/A. Outpatient operations do not produce material discharges to land or water; clinical waste is handled per standard medical-waste regulations.","None","—","N/A","N/A — no fix needed.","0"
"SIG Lite 2025","O. Environmental, Social and Governance (ESG)","O.4","Has the organization implemented procedures to ensure the safe use, handling, storage, and disposal of hazardous/toxic chemicals and substances?","","","","N/A","N/A. Routine handling of clinical reagents and waste follows standard medical-waste procedures; a separate hazardous-substances program is not maintained at Millie's size.","None","—","N/A","N/A — no fix needed.","0"
"SIG Lite 2025","O. Environmental, Social and Governance (ESG)","O.5","Does the organization maintain processes to ensure there are no adverse impacts on biodiversity, including deforestation, ecosystem integrity, natural resource conservation, and land degradation?","","","","N/A","N/A. Outpatient clinic operations do not have material biodiversity, deforestation, ecosystem, or land-degradation impacts.","None","—","N/A","N/A — no fix needed.","0"
"SIG Lite 2025","O. Environmental, Social and Governance (ESG)","O.6","Are there any financial provisions in the annual accounting statements of the organization to address environmental issues, breaches, non-compliances, enforcements, prosecutions, or fines, if they exist?","","","","N/A","N/A. A 30-person clinic does not maintain financial provisions in annual accounting for environmental issues; none are known to apply.","None","—","N/A","N/A — no fix needed.","0"
"SIG Lite 2025","O. Environmental, Social and Governance (ESG)","O.7","Does the organization have documented policies and procedures in place that address the prevention of modern slavery?","","","","N/A","N/A as a standalone modern-slavery policy. Personnel and contractor relationships are governed by HR (Gusto), Safeguards Policy, and applicable US labor law.","None","—","N/A","N/A — no fix needed.","0"
"SIG Lite 2025","O. Environmental, Social and Governance (ESG)","O.8","Does the organization ensure that sub-contractors are treated fairly and ethically per local standards and regulations?","","","","N/A","N/A as a standalone subcontractor-fairness program. Subcontractor relationships are governed via vendor agreements and BAAs per Information Security Framework §11 and applicable US labor law.","None","—","N/A","N/A — no fix needed.","0"
"SIG Lite 2025","O. Environmental, Social and Governance (ESG)","O.9","Does the organization have a documented policy on Health and Safety?","","","","N/A","N/A as a standalone H&S policy distinct from clinical care. Clinical health and safety follows applicable medical and OSHA standards; the Millie Clinic COVID Policy and Safeguards Policy address infection-control and workplace safety.","None","—","N/A","N/A — no fix needed.","0"
"SIG Lite 2025","O. Environmental, Social and Governance (ESG)","O.10","Has the organization established formal community relations programs to promote its involvement in the community?","","","","N/A","N/A. A formal community-relations program is not maintained at Millie's headcount.","None","—","N/A","N/A — no fix needed.","0"
"SIG Lite 2025","O. Environmental, Social and Governance (ESG)","O.11","Does the organization have policies to ensure products and services do not generate health and safety concerns?","","","","N/A","N/A as a standalone product-safety policy. Clinical care follows applicable medical-practice standards and licensure obligations of Millie's providers.","None","—","N/A","N/A — no fix needed.","0"
"SIG Lite 2025","O. Environmental, Social and Governance (ESG)","O.12","Does the organization have a formalized Environmental, Social, and Governance (ESG) program or set of policies & procedures aligned to its Enterprise Risk Management framework approved by executive management and the Board of Directors?","","","","N/A","N/A. A formalized ESG program aligned to an ERM framework approved by a Board of Directors is not in place at Millie's size.","None","—","N/A","N/A — no fix needed.","0"
"SIG Lite 2025","O. Environmental, Social and Governance (ESG)","O.13","Does the organization have a formal diversity, equity, and inclusion (DEI) statement or policy?","","","","N/A","N/A as a standalone DEI policy distinct from HR. DEI considerations are addressed informally through HR (Gusto); a separate written DEI policy is not maintained at Millie's headcount.","None","—","N/A","N/A — no fix needed.","0"
"SIG Lite 2025","O. Environmental, Social and Governance (ESG)","O.14","Does the organization have a documented policy for Ethical Sourcing?","","","","N/A","N/A. A documented ethical-sourcing policy is not maintained at Millie's size; vendor sourcing is governed by Information Security Framework §11.","None","—","N/A","N/A — no fix needed.","0"
"SIG Lite 2025","P. Privacy Management","P.1","Is there collection, access, processing, disclosure, or retention of any classification of personal information or personal data of individuals on behalf of the client?","","","","Full","Yes. Millie collects, processes, and retains PHI and PII of its patients; governance is documented in the Privacy Policy and Information Security Framework §3 Data Classification & Handling.","Low","—","N/A","N/A — no fix needed.","0"
"SIG Lite 2025","P. Privacy Management","P.2","Does the organization have a policy for preserving privacy and protecting personally identifiable information (PII) and is this policy communicated to all relevant parties?","","","","Full","Yes. The Millie Privacy Policy and Information Security Framework §3 codify privacy protection, are communicated to relevant parties, and are owned by the Chief Privacy Officer.","Low","—","N/A","N/A — no fix needed.","0"
"SIG Lite 2025","P. Privacy Management","P.3","Has the organization developed and maintained a formal privacy program for the protection of personal information collected, accessed, transmitted, processed, disclosed, or retained on behalf of the client?","","","","Full","Yes. The HIPAA policy suite (Privacy, Use & Disclosure, Minimum Necessary, De-Identification, BAA, Breach Notification, Accounting of Disclosures, Individual Access, Amendments) constitutes Millie's formal privacy program.","Low","—","N/A","N/A — no fix needed.","0"
"SIG Lite 2025","P. Privacy Management","P.4","Is there a training and awareness program that addresses data privacy and data protection obligations based on role for new workers (e.g., officers, directors, employees, contractors) at the time of onboarding?","","","","Full","Yes. The HIPAA Safeguards Policy §III(c)(vii) Training requires HIPAA training at onboarding with annual updates for all personnel including contractors.","Low","—","N/A","N/A — no fix needed.","0"
"SIG Lite 2025","P. Privacy Management","P.5","Are there documented policies and procedures that define limits to the collection and use of personal information to authorized users regarding limiting the personal information collected and used by authorized users (e.g., minimum necessary, need to know, job role)?","","","","Full","Yes. The HIPAA Minimum Necessary Rule Policy plus Information Security Framework §3–§4 (role-based access, least privilege) define collection/use limits with 'need to know' criteria.","Low","—","N/A","N/A — no fix needed.","0"
"SIG Lite 2025","P. Privacy Management","P.6","Does the organization have or maintain internet-facing website(s), mobile applications, platform, or other digital services or applications that collect, use, disclose, process, or retain client-scoped data that are accessed directly by individuals?","","","","Full","Yes. Millie operates a patient-facing web and mobile application that collects and processes PHI; governed by the Privacy Policy, Information Security Framework §3–§6, and HIPAA Individual Rights to Access policy.","Low","—","N/A","N/A — no fix needed.","0"
"SIG Lite 2025","P. Privacy Management","P.8","Does the organization have a data governance program and designated body accountable to define and implement administrative, technical, and physical and environmental safeguards for the protection of client scoped data?","","","","Full","Yes. The Information Security Framework defines Millie's data governance program with the Chief Security Officer and Chief Privacy Officer accountable for administrative, physical, and technical safeguards per the Safeguards Policy.","Low","—","N/A","N/A — no fix needed.","0"
"SIG Lite 2025","P. Privacy Management","P.9","Are there policies and procedures in place to detect and report privacy incidents (such as unauthorized disclosure, misuse, alteration, destruction, or other compromises of client data) in accordance with the Gramm-Leach-Bliley Act (GLBA) and the related Privacy and Security Safeguards Rules?","","","","N/A","N/A. Millie is a healthcare provider, not a financial institution; GLBA does not apply. Privacy-incident detection and reporting follow the HIPAA Breach Notification Policy and Security Incident Management Policy.","None","—","N/A","N/A — no fix needed.","0"
"SIG Lite 2025","P. Privacy Management","P.10","Do any other parties (e.g., affiliates, fourth-Nth parties, contractors, subcontractors, sub-processors, sub-service organizations, etc.) have access to, receive, process, or retain client scoped data?","","","","Full","Yes. Subcontractors and subprocessors may access scoped data under BAAs; flow-down requirements are documented in Information Security Framework §11 and the HIPAA BAA Policy / Subcontractor BAA template.","Low","—","N/A","N/A — no fix needed.","0"
"SIG Lite 2025","P. Privacy Management","P.11","Is there a data privacy or data protection role accountable for compliance, enforcement, and monitoring of its privacy obligations for client scoped data?","","","","Full","Yes. The Chief Privacy Officer is the accountable role for privacy compliance, enforcement, and monitoring of client-scoped data, per the HIPAA policy suite (Accounting of Disclosures, Breach Notification, BAA, Individual Access, Use & Disclosure).","Low","—","N/A","N/A — no fix needed.","0"
"SIG Lite 2025","P. Privacy Management","P.12","If necessary, does the organization have a process to ensure that its registration information is accurate and complete with the appropriate competent authority no later than every 3 months?","","","","N/A","N/A. This 3-month registration-accuracy framing aligns with EU competent-authority registration requirements; Millie is a US-only clinic and the question does not apply.","None","—","N/A","N/A — no fix needed.","0"
"SIG Lite 2025","R. Artificial Intelligence","R.1","Does the organization have a process to inform personnel of legal and regulatory considerations and requirements specific to its industry, sector, and business purpose, and the application context of the deployed AI system(s)?","","","","N/A","N/A as a standalone AI policy. Millie's AI vendors (OpenAI, Anthropic, Google Vertex, Heidi, Agno) are covered by BAAs where they touch PHI; legal and regulatory considerations are addressed through the BAA review process and Privacy/HIPAA suite at Millie's size.","None","—","N/A","N/A — no fix needed.","0"
"SIG Lite 2025","R. Artificial Intelligence","R.2","Do organizational policies, processes, and procedures include the characteristics of trustworthy AI?","","","","N/A","N/A as a standalone trustworthy-AI policy. AI use is governed by the BAA review process, the Minimum Necessary Rule Policy, and the Use & Disclosure Policy; a separate AI characteristics policy is not warranted at Millie's headcount.","None","—","N/A","N/A — no fix needed.","0"
"SIG Lite 2025","R. Artificial Intelligence","R.4","Does the organization monitor and perform a periodic review of the AI risk management process and its outcomes that are planned to include organizational roles & responsibilities?","","","","N/A","N/A as a standalone AI risk-management cycle. AI vendor risk is reviewed within Information Security Framework §11 third-party risk reviews and the annual HIPAA risk assessment.","None","—","N/A","N/A — no fix needed.","0"
"SIG Lite 2025","R. Artificial Intelligence","R.5","Does the organization establish policies that define the creation and maintenance of AI system inventories?","","","","N/A","N/A as a standalone AI-system inventory policy. AI tools are tracked in the Platforms & Access Matrix alongside other SaaS subscriptions.","None","—","N/A","N/A — no fix needed.","0"
"SIG Lite 2025","S. Supply Chain Risk Management (SCRM)","S.1","Does your organization have access control policies for suppliers, developers, and service providers that are passed down to sub-tier contractors?","","","","Full","Yes. Information Security Framework §11 Third-Party & Vendor Management requires supplier access controls and explicit BAA flow-down to subcontractors and subprocessors handling PHI.","Low","—","N/A","N/A — no fix needed.","0"
"SIG Lite 2025","S. Supply Chain Risk Management (SCRM)","S.32","Is there a documented, approved Cybersecurity Supply Chain Risk Management (C-SCRM) policy or equivalent that addresses the strategy, objectives, and related processes for supplier adoption and contingency planning?","","","","Partial","Yes. Per Information Security Framework §11 (with the C-SCRM addition), Millie's third-party risk management process functions as the Company's C-SCRM program with the Chief Security Officer as named owner and supplier adoption / contingency planning covered.","High","Framework §11 currently covers vendor risk but is not framed as a Cybersecurity Supply Chain Risk Management (C-SCRM) policy; an assessor running a SIG checklist will not match the row without the explicit C-SCRM framing.","Millie Information Security & Data Governance Framework (1).md","Company's third-party risk management process functions as the Company's Cybersecurity Supply Chain Risk Management (C-SCRM) program, with the Chief Security Officer (in coordination with the Chief Privacy Officer and Legal) as the named owner; C-SCRM objectives are reviewed annually alongside the security risk assessment, supplier cybersecurity controls (encryption in transit, access management, incident notification, and system and communications protection) are required of subcontractors and subprocessors via BAA flow-down, and vendor-furnished or vendor-returned physical media is addressed during vendor onboarding and BAA review with Company's cloud-first posture limiting supply-chain media exposure to vendor-owned infrastructure.","93"
"SIG Lite 2025","S. Supply Chain Risk Management (SCRM)","S.57","Do the organization's media protection policies and procedures cover supply chain concerns, such as media within the supply chain and throughout the software development life cycle (SDLC)?","","","","Partial","Yes. Per the Framework §11 C-SCRM addition, vendor-furnished or vendor-returned physical media is addressed during vendor onboarding and BAA review; Millie's cloud-first posture limits supply-chain media exposure to vendor-owned infrastructure.","High","SDLC Policy §III(e) covers media sanitization but does not address media handled within the supply chain; closed by the same Framework §11 C-SCRM addition.","Millie Information Security & Data Governance Framework (1).md","Company's third-party risk management process functions as the Company's Cybersecurity Supply Chain Risk Management (C-SCRM) program, with the Chief Security Officer (in coordination with the Chief Privacy Officer and Legal) as the named owner; C-SCRM objectives are reviewed annually alongside the security risk assessment, supplier cybersecurity controls (encryption in transit, access management, incident notification, and system and communications protection) are required of subcontractors and subprocessors via BAA flow-down, and vendor-furnished or vendor-returned physical media is addressed during vendor onboarding and BAA review with Company's cloud-first posture limiting supply-chain media exposure to vendor-owned infrastructure.","93"
"SIG Lite 2025","S. Supply Chain Risk Management (SCRM)","S.61","Does the organization integrate C-SCRM when developing a security planning policy?","","","","Partial","Yes. Per the Framework §11 C-SCRM addition, C-SCRM objectives are reviewed annually alongside the security risk assessment, integrating supply-chain risk into Millie's security-planning cycle.","High","No policy currently ties C-SCRM into the security-planning process explicitly; closed by the same Framework §11 C-SCRM addition.","Millie Information Security & Data Governance Framework (1).md","Company's third-party risk management process functions as the Company's Cybersecurity Supply Chain Risk Management (C-SCRM) program, with the Chief Security Officer (in coordination with the Chief Privacy Officer and Legal) as the named owner; C-SCRM objectives are reviewed annually alongside the security risk assessment, supplier cybersecurity controls (encryption in transit, access management, incident notification, and system and communications protection) are required of subcontractors and subprocessors via BAA flow-down, and vendor-furnished or vendor-returned physical media is addressed during vendor onboarding and BAA review with Company's cloud-first posture limiting supply-chain media exposure to vendor-owned infrastructure.","93"
"SIG Lite 2025","S. Supply Chain Risk Management (SCRM)","S.80","Do the security policies and plans clearly define personnel responsibilities for supply chain security risk management activities?","","","","Partial","Yes. Per the Framework §11 C-SCRM addition, the Chief Security Officer (in coordination with the Chief Privacy Officer and Legal) is the named owner of supply-chain security risk management activities.","High","No clause currently names the C-SCRM owner explicitly; closed by the same Framework §11 C-SCRM addition.","Millie Information Security & Data Governance Framework (1).md","Company's third-party risk management process functions as the Company's Cybersecurity Supply Chain Risk Management (C-SCRM) program, with the Chief Security Officer (in coordination with the Chief Privacy Officer and Legal) as the named owner; C-SCRM objectives are reviewed annually alongside the security risk assessment, supplier cybersecurity controls (encryption in transit, access management, incident notification, and system and communications protection) are required of subcontractors and subprocessors via BAA flow-down, and vendor-furnished or vendor-returned physical media is addressed during vendor onboarding and BAA review with Company's cloud-first posture limiting supply-chain media exposure to vendor-owned infrastructure.","93"
"SIG Lite 2025","S. Supply Chain Risk Management (SCRM)","S.100","Do the organization's system and communications protection policies and procedures address cybersecurity risks throughout the supply chain regarding the enterprise's processes, systems, and networks?","","","","Partial","Yes. Per the Framework §11 C-SCRM addition, supplier cybersecurity controls — encryption in transit, access management, incident notification, and system and communications protection — are required of subcontractors and subprocessors via BAA flow-down.","High","Encryption Policy and AWS/Aptible IR address system/comm protection internally but not 'throughout the supply chain'; closed by the same Framework §11 C-SCRM addition.","Millie Information Security & Data Governance Framework (1).md","Company's third-party risk management process functions as the Company's Cybersecurity Supply Chain Risk Management (C-SCRM) program, with the Chief Security Officer (in coordination with the Chief Privacy Officer and Legal) as the named owner; C-SCRM objectives are reviewed annually alongside the security risk assessment, supplier cybersecurity controls (encryption in transit, access management, incident notification, and system and communications protection) are required of subcontractors and subprocessors via BAA flow-down, and vendor-furnished or vendor-returned physical media is addressed during vendor onboarding and BAA review with Company's cloud-first posture limiting supply-chain media exposure to vendor-owned infrastructure.","93"
"Insurances","Insurances","1","Do you have document ""Cyber Liability / Data Privacy""?","","","","Evidence-only","Per the HIPAA Contingency Planning Policy §III(g), the Chief Security Officer and General Counsel maintain cyber liability / data privacy insurance; the current cyber-liability certificate will be attached to the submission package.","High","Contingency Planning Policy commits to obtaining the coverage but the actual certificate is the deliverable; submission must include the certificate as an attachment.","N/A — submission package","Attach the actual document to the ECH submission package; no policy edit.","0"
"Security Audits","Security Audits","1","Do you have document ""Penetration Testing""?","","","","Evidence-only","No third-party penetration testing report is currently on file; Millie's Chief Security Officer plans to commission a third-party penetration test and will share the report when available.","High","No pentest evidence exists; either commission a third-party pentest (recommended) or answer truthfully that none is on file. Submission impact depends on ECH appetite.","N/A — submission package","Attach the actual document to the ECH submission package; no policy edit.","0"
"Security Audits","Security Audits","2","Do you have document ""General Security Audit""?","","","","Evidence-only","No third-party general security audit (SOC 2 / HITRUST / equivalent) is currently on file; internal risk assessments per the HIPAA Risk Management Policy are conducted annually with results provided to the Risk Review Committee and, for material risks, the Board.","High","No external audit attestation; provide the annual internal HIPAA risk assessment as a compensating artifact and disclose plans for a third-party audit if planned.","N/A — submission package","Attach the actual document to the ECH submission package; no policy edit.","0"
